<?xml version="1.0" encoding="UTF-8"?>
<project-private xmlns="http://www.netbeans.org/ns/project-private/1">
    <editor-bookmarks xmlns="http://www.netbeans.org/ns/editor-bookmarks/2" lastBookmarkId="0"/>
    <open-files xmlns="http://www.netbeans.org/ns/projectui-open-files/2">
        <group>
            <file>file:/C:/Users/DELL/Documents/NetBeansProjects/JavaWebProject-master/src/java/Entity/Product.java</file>
            <file>file:/C:/Users/DELL/Documents/NetBeansProjects/JavaWebProject-master/web/Content.jsp</file>
            <file>file:/C:/Users/DELL/Documents/NetBeansProjects/JavaWebProject-master/web/Menu.jsp</file>
            <file>file:/C:/Users/DELL/Documents/NetBeansProjects/JavaWebProject-master/src/java/Controller/ProductController.java</file>
            <file>file:/C:/Users/DELL/Documents/NetBeansProjects/JavaWebProject-master/src/java/Model/ProductDAO.java</file>
            <file>file:/C:/Users/DELL/Documents/NetBeansProjects/JavaWebProject-master/web/index.jsp</file>
        </group>
    </open-files>
</project-private>
